<?xml version="1.0" encoding="UTF-8" standalone="yes"?>
<ns2:ExportManifest xmlns:ns2="http://www.pentaho.com/schema/">
    <ExportManifestInformation exportDate="02-05-2025 12:14:12 WEST" exportBy="admin" rootFolder="/" manifestVersion="2"/>
    <ExportManifestSchedule>
        <duration>-1</duration>
        <inputFile>/public/Steel Wheels/Buyer Report (sparkline report).prpt</inputFile>
        <jobName>Buyer Report (sparkline report)</jobName>
        <jobParameters>
            <name>::session</name>
            <stringValue>f0b2b430-2747-11f0-9436-c6e4fb0f521f</stringValue>
            <type>string</type>
        </jobParameters>
        <jobParameters>
            <name>line</name>
            <stringValue>Trains</stringValue>
            <type>string</type>
        </jobParameters>
        <jobParameters>
            <name>runSafeMode</name>
            <stringValue>false</stringValue>
            <type>string</type>
        </jobParameters>
        <jobParameters>
            <name>renderMode</name>
            <stringValue>PARAMETER</stringValue>
            <type>string</type>
        </jobParameters>
        <jobParameters>
            <name>gatheringMetrics</name>
            <stringValue>false</stringValue>
            <type>string</type>
        </jobParameters>
        <jobParameters>
            <name>uiPassParam</name>
            <stringValue>RUN_ONCE</stringValue>
            <type>string</type>
        </jobParameters>
        <jobParameters>
            <name>accepted-page</name>
            <stringValue>0</stringValue>
            <type>number</type>
        </jobParameters>
        <jobParameters>
            <name>logLevel</name>
            <stringValue>Basic</stringValue>
            <type>string</type>
        </jobParameters>
        <jobParameters>
            <name>output-target</name>
            <stringValue>table/html;page-mode=page</stringValue>
            <type>string</type>
        </jobParameters>
        <jobParameters>
            <name>maximum-query-limit</name>
            <stringValue>0</stringValue>
            <type>number</type>
        </jobParameters>
        <jobParameters>
            <name>htmlProportionalWidth</name>
            <stringValue>false</stringValue>
            <type>string</type>
        </jobParameters>
        <jobParameters>
            <name>ActionAdapterQuartzJob-StreamProvider-InputFile</name>
            <stringValue>/public/Steel Wheels/Buyer Report (sparkline report).prpt</stringValue>
            <type>string</type>
        </jobParameters>
        <jobParameters>
            <name>ActionAdapterQuartzJob-ActionUser</name>
            <stringValue>admin</stringValue>
            <type>string</type>
        </jobParameters>
        <jobParameters>
            <name>query-limit-ui-enabled</name>
            <stringValue>true</stringValue>
            <type>string</type>
        </jobParameters>
        <jobParameters>
            <name>lineage-id</name>
            <stringValue>387ec276-8b2e-4879-bc82-eed32b017f92</stringValue>
            <type>string</type>
        </jobParameters>
        <jobParameters>
            <name>ActionAdapterQuartzJob-ActionId</name>
            <stringValue>prpt.backgroundExecution</stringValue>
            <type>string</type>
        </jobParameters>
        <jobParameters>
            <name>showParameters</name>
            <stringValue>true</stringValue>
            <type>string</type>
        </jobParameters>
        <jobParameters>
            <name>query-limit</name>
            <stringValue>0</stringValue>
            <type>number</type>
        </jobParameters>
        <outputFile>/public/pentaho-operations-mart/generated_logs/Buyer Report (sparkline report).*</outputFile>
        <simpleJobTrigger>
            <duration>0</duration>
            <endTime>2025-05-03T01:00:00.000+01:00</endTime>
            <startTime>2025-05-03T00:00:00.000+01:00</startTime>
            <uiPassParam>RUN_ONCE</uiPassParam>
            <startHour>0</startHour>
            <startMin>0</startMin>
            <startAmPm>-1</startAmPm>
            <startYear>125</startYear>
            <startMonth>4</startMonth>
            <startDay>3</startDay>
            <timeZone>Europe/Lisbon</timeZone>
            <repeatCount>-1</repeatCount>
            <repeatInterval>-1</repeatInterval>
        </simpleJobTrigger>
        <timeZone>Europe/Lisbon</timeZone>
        <jobState>NORMAL</jobState>
    </ExportManifestSchedule>
    <ExportManifestSchedule>
        <duration>-1</duration>
        <inputFile>/public/Steel Wheels/Income Statement (report).prpt</inputFile>
        <jobName>Income Statement (report)</jobName>
        <jobParameters>
            <name>::session</name>
            <stringValue>0e9a30ea-2748-11f0-9436-c6e4fb0f521f</stringValue>
            <type>string</type>
        </jobParameters>
        <jobParameters>
            <name>runSafeMode</name>
            <stringValue>false</stringValue>
            <type>string</type>
        </jobParameters>
        <jobParameters>
            <name>renderMode</name>
            <stringValue>PARAMETER</stringValue>
            <type>string</type>
        </jobParameters>
        <jobParameters>
            <name>gatheringMetrics</name>
            <stringValue>false</stringValue>
            <type>string</type>
        </jobParameters>
        <jobParameters>
            <name>uiPassParam</name>
            <stringValue>RUN_ONCE</stringValue>
            <type>string</type>
        </jobParameters>
        <jobParameters>
            <name>accepted-page</name>
            <stringValue>0</stringValue>
            <type>number</type>
        </jobParameters>
        <jobParameters>
            <name>logLevel</name>
            <stringValue>Basic</stringValue>
            <type>string</type>
        </jobParameters>
        <jobParameters>
            <name>output-target</name>
            <stringValue>table/html;page-mode=page</stringValue>
            <type>string</type>
        </jobParameters>
        <jobParameters>
            <name>maximum-query-limit</name>
            <stringValue>0</stringValue>
            <type>number</type>
        </jobParameters>
        <jobParameters>
            <name>htmlProportionalWidth</name>
            <stringValue>false</stringValue>
            <type>string</type>
        </jobParameters>
        <jobParameters>
            <name>ActionAdapterQuartzJob-StreamProvider-InputFile</name>
            <stringValue>/public/Steel Wheels/Income Statement (report).prpt</stringValue>
            <type>string</type>
        </jobParameters>
        <jobParameters>
            <name>ActionAdapterQuartzJob-ActionUser</name>
            <stringValue>admin</stringValue>
            <type>string</type>
        </jobParameters>
        <jobParameters>
            <name>query-limit-ui-enabled</name>
            <stringValue>true</stringValue>
            <type>string</type>
        </jobParameters>
        <jobParameters>
            <name>lineage-id</name>
            <stringValue>15fa2b7a-e9f5-48a6-8b21-a385b7be29cb</stringValue>
            <type>string</type>
        </jobParameters>
        <jobParameters>
            <name>ActionAdapterQuartzJob-ActionId</name>
            <stringValue>prpt.backgroundExecution</stringValue>
            <type>string</type>
        </jobParameters>
        <jobParameters>
            <name>showParameters</name>
            <stringValue>true</stringValue>
            <type>string</type>
        </jobParameters>
        <jobParameters>
            <name>query-limit</name>
            <stringValue>0</stringValue>
            <type>number</type>
        </jobParameters>
        <outputFile>/public/pentaho-operations-mart/generated_logs/Income Statement (report).*</outputFile>
        <simpleJobTrigger>
            <duration>0</duration>
            <endTime>2025-05-03T01:00:00.000+01:00</endTime>
            <startTime>2025-05-03T00:00:00.000+01:00</startTime>
            <uiPassParam>RUN_ONCE</uiPassParam>
            <startHour>0</startHour>
            <startMin>0</startMin>
            <startAmPm>-1</startAmPm>
            <startYear>125</startYear>
            <startMonth>4</startMonth>
            <startDay>3</startDay>
            <timeZone>Europe/Lisbon</timeZone>
            <repeatCount>-1</repeatCount>
            <repeatInterval>-1</repeatInterval>
        </simpleJobTrigger>
        <timeZone>Europe/Lisbon</timeZone>
        <jobState>PAUSED</jobState>
    </ExportManifestSchedule>
</ns2:ExportManifest>
